Array Size,Runtime (seconds)
500,0.0003149
1500,0.0022558
2500,0.0059425
10000,0.0946066
